,City,Cloudiness,Country,Date,Humidity,Lat,Lng,Max Temp F,Wind Speed mph
0,Busselton,76,AU,1609622772,69,-33.65,115.33,57.99,1.01
1,Mar del Plata,0,AR,1609622481,51,-38.0,-57.56,84.2,14.99
2,Hobart,75,AU,1609622703,82,-42.88,147.33,62.01,3.36
3,Ponta do Sol,75,PT,1609622773,54,32.67,-17.1,59.0,9.17
4,Albany,52,US,1609622600,73,42.6,-73.97,37.99,15.99
5,Yellowknife,75,CA,1609622774,74,62.46,-114.35,-23.8,11.41
6,Kapaa,20,US,1609622774,65,22.08,-159.32,78.8,17.22
7,Cape Town,0,ZA,1609622607,56,-33.93,18.42,69.8,20.8
8,Barrow,90,US,1609622774,83,71.29,-156.79,-7.6,9.17
9,Rikitea,3,PF,1609622775,69,-23.12,-134.97,78.28,9.6
10,Upernavik,100,GL,1609622775,94,72.79,-56.15,8.69,12.73
11,East London,15,ZA,1609622529,78,-33.02,27.91,69.49,17.87
12,Jamestown,90,US,1609622775,100,42.1,-79.24,34.0,2.39
13,George Town,40,MY,1609622776,83,5.41,100.34,78.8,5.73
14,Asău,15,RO,1609622776,70,46.43,26.4,30.99,3.06
15,Giohar,100,SO,1609622776,75,2.78,45.5,73.56,14.88
16,Nikolskoye,90,RU,1609622777,86,59.7,30.79,33.8,11.18
17,Avarua,24,CK,1609622777,79,-21.21,-159.78,84.2,17.22
18,Erzin,4,TR,1609622777,59,36.96,36.2,57.99,11.99
19,Cavalcante,57,BR,1609622778,67,-13.8,-47.46,79.2,1.1
20,Margate,100,GB,1609622778,82,51.38,1.39,39.0,3.0
21,Ushuaia,40,AR,1609622778,58,-54.8,-68.3,57.2,20.8
22,Upington,100,ZA,1609622778,73,-28.45,21.26,73.4,12.75
23,Hithadhoo,38,MV,1609622779,77,-0.6,73.08,82.2,11.14
24,Jiwani,0,PK,1609622779,29,25.05,61.74,62.92,11.81
25,Togur,0,RU,1609622780,84,58.36,82.83,-26.01,5.19
26,Qaanaaq,0,GL,1609622780,77,77.48,-69.36,-1.62,4.74
27,Kaka,0,TM,1609622780,87,37.35,59.61,32.07,5.21
28,Beloha,23,MG,1609622780,73,-25.17,45.05,75.27,19.24
29,Letlhakane,98,BW,1609622781,69,-21.42,25.58,69.13,22.55
30,Puerto Ayora,0,EC,1609622781,65,-0.74,-90.35,80.6,12.75
31,Port Alfred,6,ZA,1609622781,85,-33.59,26.89,68.0,1.01
32,Saint George,1,US,1609622745,39,37.1,-113.58,48.99,2.89
33,Madimba,20,TZ,1609622782,94,-10.4,40.33,77.0,9.17
34,Saldanha,0,ZA,1609622782,46,-33.01,17.94,73.4,6.93
35,Baie-Comeau,90,CA,1609622782,92,49.22,-68.15,24.8,10.29
36,Dodoma,95,TZ,1609622782,87,-6.17,35.74,68.38,3.53
37,Arraial do Cabo,75,BR,1609622783,83,-22.97,-42.03,77.0,4.7
38,Barreiras,97,BR,1609622716,44,-12.15,-44.99,85.42,3.53
39,Hermanus,1,ZA,1609622783,78,-34.42,19.23,66.99,7.0
40,Norman Wells,75,CA,1609622784,64,65.28,-126.83,1.4,16.11
41,Rawson,0,AR,1609622784,19,-43.3,-65.1,86.97,11.54
42,Vaini,75,TO,1609622784,88,-21.2,-175.2,80.6,9.17
43,Saskylakh,66,RU,1609622784,82,71.92,114.08,-34.24,6.38
44,Cap Malheureux,7,MU,1609622785,73,-19.98,57.61,75.0,5.99
45,Tasiilaq,100,GL,1609622785,92,65.61,-37.64,30.2,27.51
46,Cumberland,1,US,1609622570,82,35.05,-78.87,63.0,3.36
47,Adrasmon,90,TJ,1609622785,92,40.65,69.99,24.8,6.71
48,Khatanga,72,RU,1609622786,86,71.97,102.5,-18.94,11.32
49,Coyhaique,90,CL,1609622786,63,-45.58,-72.07,64.4,8.05
50,Bozüyük,0,TR,1609622786,71,39.91,30.04,37.4,2.24
51,Haimen,89,CN,1609622786,87,23.19,116.61,44.6,2.24
52,Pedro Carbo,75,EC,1609622786,55,-1.83,-80.23,87.8,8.05
53,Ushtobe,33,KZ,1609622787,91,45.25,77.98,-4.7,9.22
54,Murakami,100,JP,1609622787,96,38.23,139.48,31.44,8.63
55,Paita,0,PE,1609622787,57,-5.09,-81.11,80.6,19.46
56,Palmer,75,US,1609622787,81,42.16,-72.33,42.8,10.29
57,Punta Arenas,40,CL,1609622788,50,-53.15,-70.92,57.2,19.46
58,Thompson,90,CA,1609622785,92,55.74,-97.86,10.4,8.05
59,Lebu,0,CL,1609622788,77,-37.62,-73.65,61.52,16.71
60,Longyearbyen,75,SJ,1609622548,80,78.22,15.64,30.2,1.12
61,Vardø,98,NO,1609622788,95,70.37,31.11,29.44,8.86
62,São José da Coroa Grande,0,BR,1609622789,77,-8.9,-35.15,79.14,9.84
63,Mataura,100,NZ,1609622778,97,-46.19,168.86,53.01,5.99
64,Yuci,0,CN,1609622789,66,37.68,112.73,14.0,1.81
65,Nanortalik,100,GL,1609622789,97,60.14,-45.24,29.93,9.93
66,Pangody,0,RU,1609622790,81,65.85,74.49,-30.3,9.78
67,Severobaykal'sk,97,RU,1609622790,82,55.65,109.32,-11.92,5.91
68,Uyuni,84,BO,1609622790,25,-20.46,-66.83,68.29,6.13
69,Quang Ngai,100,VN,1609622790,88,15.12,108.8,64.38,5.95
70,Yulara,80,AU,1609622791,44,-25.24,130.99,77.0,19.46
71,Atuona,25,PF,1609622791,80,-9.8,-139.03,77.85,18.39
72,Bluff,100,NZ,1609622791,97,-46.6,168.33,53.01,5.99
73,Korla,46,CN,1609622665,89,41.76,86.15,16.39,13.47
74,Northam,41,GB,1609622792,85,51.03,-4.22,37.99,11.01
75,Lüderitz,48,NA,1609622792,72,-26.65,15.16,64.4,8.05
76,Olafsvik,100,IS,1609622792,97,64.89,-23.71,42.17,16.51
77,Champerico,40,GT,1609622792,66,14.3,-91.92,87.8,6.93
78,Bredasdorp,8,ZA,1609622793,77,-34.53,20.04,66.2,8.05
79,Tambun,20,ID,1609622793,78,-6.26,107.07,81.0,3.36
80,Malatya Province,75,TR,1609622536,88,38.5,38.0,33.8,2.24
81,Lata,0,PT,1609622793,87,40.16,-8.33,46.99,0.89
82,Cururupu,96,BR,1609622794,75,-1.83,-44.87,80.64,4.5
83,Guerrero Negro,0,MX,1609622794,24,27.98,-114.06,69.12,7.65
84,Vila Franca do Campo,75,PT,1609622785,87,37.72,-25.43,59.0,23.04
85,São Filipe,22,CV,1609622794,72,14.9,-24.5,76.41,6.22
86,Salym,17,RU,1609622795,84,60.06,71.48,-28.07,4.23
87,Makat,98,KZ,1609622795,94,47.65,53.35,21.67,10.89
88,Tessalit,0,ML,1609622795,24,20.2,1.01,65.03,5.53
89,Golden,0,US,1609622796,24,39.76,-105.22,46.0,5.01
90,Ulagan,74,RU,1609622796,77,50.63,87.96,-16.13,1.97
91,Luwuk,100,ID,1609622783,75,-0.95,122.79,78.39,4.05
92,Aitape,86,PG,1609622796,81,-3.14,142.35,78.37,5.28
93,Leshukonskoye,100,RU,1609622797,94,64.9,45.76,9.46,8.34
94,Wasilla,1,US,1609622797,77,61.58,-149.44,3.2,0.74
95,Te Anau,97,NZ,1609622797,92,-45.42,167.72,51.01,0.98
96,Noumea,0,NC,1609622797,88,-22.28,166.46,82.99,1.12
97,Bilma,0,NE,1609622798,21,18.69,12.92,70.21,6.17
98,Departamento de Maldonado,0,UY,1609622798,34,-34.67,-54.92,80.6,18.34
99,Araouane,0,ML,1609622798,23,18.9,-3.53,67.28,5.32
100,Kulaman,99,PH,1609622798,75,6.46,124.09,78.58,3.38
101,Klyuchi,6,RU,1609622798,84,52.27,79.17,-31.67,4.18
102,Maragogi,0,BR,1609622799,78,-9.01,-35.22,78.8,9.98
103,Shimoda,8,JP,1609622799,81,34.67,138.95,30.99,15.84
104,São Pedro do Sul,20,BR,1609622799,22,-29.62,-54.18,89.6,9.17
105,Samarai,100,PG,1609622799,79,-10.62,150.67,83.14,9.82
106,Kaitangata,100,NZ,1609622800,97,-46.28,169.85,56.35,3.67
107,Umm Kaddadah,48,SD,1609622800,22,13.6,26.69,67.23,13.0
108,Nuevo Progreso,70,MX,1609622800,33,23.17,-97.95,70.0,8.01
109,Maricá,90,BR,1609622801,94,-22.92,-42.82,73.4,16.11
110,Isangel,75,VU,1609622801,88,-19.55,169.27,82.4,9.17
111,Mount Gambier,90,AU,1609622801,93,-37.83,140.77,62.6,12.75
112,Valparaíso,0,CL,1609622802,72,-33.04,-71.63,66.0,9.17
113,Tiznit Province,73,MA,1609622802,76,29.58,-9.5,51.6,5.57
114,Ambon City,40,ID,1609622802,83,-3.7,128.18,78.8,2.24
115,Cayenne,86,GF,1609622802,94,4.93,-52.33,78.8,8.05
116,Nevşehir,0,TR,1609622802,86,38.92,34.67,30.2,3.15
117,Auki,35,SB,1609622803,67,-8.77,160.7,81.37,3.76
118,Kapuskasing,83,CA,1609622803,80,49.42,-82.43,30.2,6.93
119,Esperance,90,AU,1609622784,72,-33.87,121.9,59.0,6.93
120,Shimanovsk,0,RU,1609622804,83,52.0,127.7,-23.1,4.83
121,Tabora,75,TZ,1609622804,88,-5.02,32.8,68.0,1.12
122,New Norfolk,100,AU,1609622804,68,-42.78,147.06,62.01,1.99
123,Knysna,0,ZA,1609622549,85,-34.04,23.05,66.47,5.57
124,Fairbanks,75,US,1609622789,83,64.84,-147.72,-7.01,2.93
125,Ginir,80,ET,1609622805,53,7.13,40.7,58.32,3.94
126,Aripuanã,97,BR,1609622805,80,-9.17,-60.63,78.73,1.7
127,Mahon,20,ES,1609622805,86,39.89,4.27,41.0,6.93
128,Grand Gaube,9,MU,1609622805,73,-20.01,57.66,75.0,5.99
129,Pevek,93,RU,1609622805,84,69.7,170.31,-11.07,2.86
130,Florø,49,NO,1609622806,80,61.6,5.03,35.6,5.82
131,Terney,66,RU,1609622806,81,45.05,136.61,-3.12,11.65
132,Tiksi,100,RU,1609622806,87,71.69,128.87,-22.76,5.3
133,Geraldton,0,AU,1609622806,41,-28.77,114.6,77.0,10.29
134,Port Moresby,71,PG,1609622806,84,-9.44,147.18,78.66,1.45
135,Leh,96,IN,1609622807,62,34.17,77.58,7.57,3.09
136,Hofn,100,IS,1609622807,83,64.25,-15.21,42.12,3.2
137,Bosaso,10,SO,1609622807,73,11.28,49.18,74.1,3.56
138,Ketchikan,90,US,1609622660,93,55.34,-131.65,41.0,14.99
139,Praia,20,CV,1609622809,78,14.92,-23.51,73.4,12.75
140,Kingisepp,100,RU,1609622809,97,59.37,28.61,32.38,9.4
141,Tuktoyaktuk,75,CA,1609622810,76,69.45,-133.04,-4.0,14.99
142,Iqaluit,20,CA,1609622747,75,63.75,-68.51,-14.01,2.24
143,Lagoa,100,PT,1609622810,86,39.05,-27.98,60.12,33.82
144,Ulladulla,90,AU,1609622810,100,-35.35,150.47,66.2,3.36
145,Castro,3,BR,1609622811,83,-24.79,-50.01,70.81,4.36
146,Severo-Kuril'sk,100,RU,1609622811,94,50.68,156.12,25.97,31.97
147,Saint Andrews,90,US,1609622811,82,34.05,-81.13,62.6,4.34
148,Necochea,0,AR,1609622811,32,-38.55,-58.74,83.59,12.73
149,Le Port,0,RE,1609622811,60,-20.94,55.29,73.4,11.41
150,Caravelas,75,BR,1609622812,80,-17.71,-39.25,77.32,8.03
151,Comodoro Rivadavia,0,AR,1609622812,32,-45.87,-67.5,93.2,12.75
152,Tete,20,MZ,1609622812,83,-16.16,33.59,77.0,4.7
153,Goderich,4,CA,1609622812,80,43.75,-81.72,33.8,5.82
154,Totness,77,SR,1609622813,85,5.88,-56.32,78.75,11.25
155,Zhigansk,100,RU,1609622813,85,66.77,123.37,-24.88,13.96
156,Hilo,40,US,1609622813,65,19.73,-155.09,78.8,5.14
157,Daru,18,PG,1609622811,84,-9.08,143.21,79.25,4.99
158,Gazojak,0,TM,1609622814,79,41.19,61.4,28.69,8.34
159,Hualmay,97,PE,1609622814,70,-11.1,-77.61,73.49,12.17
160,Río Gallegos,20,AR,1609622790,26,-51.62,-69.22,69.8,24.16
161,Serowe,87,BW,1609622553,73,-22.38,26.72,64.8,16.44
162,Bethel,1,US,1609622815,52,41.37,-73.41,46.4,18.34
163,Chengde,0,CN,1609622815,74,40.97,117.94,1.67,4.23
164,Poso,100,ID,1609622815,78,-1.4,120.75,80.01,3.65
165,Buluang,100,PH,1609622815,92,13.31,123.34,75.97,3.76
166,Inongo,68,CD,1609622815,83,-1.95,18.27,74.32,2.04
167,Kirakira,100,SB,1609622816,75,-10.45,161.92,82.81,6.6
168,Dikson,100,RU,1609622816,96,73.51,80.55,13.39,14.43
169,Elko,1,US,1609622816,39,41.0,-115.5,44.6,10.29
170,Aklavik,90,CA,1609622816,75,68.22,-135.01,-13.0,8.05
171,Nguruka,99,TZ,1609622817,93,-5.11,31.04,66.09,4.88
172,Dongsheng,56,CN,1609622817,84,39.82,109.98,9.41,7.85
173,Bom Jesus,60,BR,1609622817,57,-9.07,-44.36,83.66,3.91
174,Athabasca,49,CA,1609622817,73,54.72,-113.29,26.6,3.36
175,Zhireken,0,RU,1609622818,85,52.82,117.31,-19.84,2.39
176,Vestmannaeyjar,100,IS,1609622818,97,63.44,-20.27,45.97,17.6
177,Bandarbeyla,11,SO,1609622818,77,9.49,50.81,73.24,16.91
178,Poya,93,NC,1609622818,71,-21.35,165.15,82.42,4.27
179,Moranbah,62,AU,1609622819,85,-22.0,148.05,74.77,9.6
180,Masuguru,96,TZ,1609622819,92,-11.37,38.42,73.47,2.15
181,Cockburn Town,40,TC,1609622565,61,21.46,-71.14,78.8,11.41
182,Leningradskiy,46,RU,1609622819,87,69.38,178.42,-17.05,3.69
183,Bengkulu,80,ID,1609622819,88,-3.8,102.27,75.42,3.49
184,Anadyr,75,RU,1609622820,84,64.75,177.48,8.6,17.9
185,Bagdarin,10,RU,1609622820,79,54.43,113.6,-18.71,3.69
186,Sitka,90,US,1609622821,60,57.05,-135.33,42.8,16.11
187,São Miguel do Araguaia,10,BR,1609622821,62,-13.28,-50.16,86.09,2.06
188,Faanui,0,PF,1609622821,78,-16.48,-151.75,79.54,17.36
189,Faya,0,SA,1609622821,50,18.39,42.45,55.4,1.05
190,Bambous Virieux,40,MU,1609622821,69,-20.34,57.76,77.0,17.22
191,Port Elizabeth,0,ZA,1609622806,83,-33.92,25.57,69.8,18.34
192,Guilin,0,CN,1609622822,93,25.28,110.29,39.2,2.24
193,Ipixuna,75,BR,1609622822,88,-1.76,-48.8,80.6,5.82
194,Lavrentiya,11,RU,1609622822,88,65.58,-171.0,-4.7,12.33
195,Mahibadhoo,99,MV,1609622823,80,3.78,72.97,81.46,13.6
196,Adrar,0,MR,1609622823,28,20.5,-10.07,63.7,8.59
197,Bako,51,ET,1609622823,64,5.78,36.57,66.34,3.53
198,Vao,99,NC,1609622823,85,-22.67,167.48,78.03,7.76
199,Khromtau,100,KZ,1609622824,94,50.25,58.43,0.34,11.1
200,Mīnāb,0,IR,1609622824,22,27.15,57.08,55.4,6.93
201,Takoradze,0,GH,1609622824,84,4.88,-1.76,80.08,8.84
202,Barra Patuca,28,HN,1609622825,73,15.8,-84.28,80.58,9.93
203,Henties Bay,99,NA,1609622825,94,-22.12,14.28,64.0,13.06
204,Deputatsky,55,RU,1609622825,86,69.3,139.9,-34.35,0.69
205,Igarka,100,RU,1609622825,89,67.47,86.58,-14.53,9.86
206,Coquimbo,20,CL,1609622793,68,-29.95,-71.34,66.2,13.87
207,Mungwi,100,ZM,1609622826,98,-10.17,31.37,60.53,1.23
208,Carnarvon,0,AU,1609622826,100,-24.87,113.63,75.2,11.41
209,Ambovombe,0,MG,1609622701,78,-25.17,46.08,75.34,19.48
210,Nevel'sk,40,RU,1609622826,84,46.67,141.86,3.2,4.47
211,Ixtapa,5,MX,1609622826,60,20.7,-105.2,71.6,10.29
212,Torbay,90,CA,1609622799,73,47.67,-52.73,27.0,6.93
213,Ostrovnoy,100,RU,1609622827,95,68.05,39.51,19.69,10.6
214,Malkāpur,99,IN,1609622827,46,20.88,76.2,69.4,8.5
215,Nome,1,US,1609622807,61,64.5,-165.41,17.6,4.7
216,Philadelphia,75,US,1609622727,57,39.95,-75.16,50.0,13.87
217,Safi,28,MA,1609622828,60,32.3,-9.24,54.97,14.5
218,Vila Velha,75,BR,1609622828,78,-20.33,-40.29,78.8,9.17
219,Tazovsky,97,RU,1609622829,86,67.47,78.7,-20.29,12.44
220,Tula,68,RU,1609622829,97,54.2,37.61,27.01,8.5
221,Dingle,100,PH,1609622829,92,11.0,122.67,75.74,8.14
222,Oussouye,0,SN,1609622829,69,12.48,-16.55,78.8,4.7
223,Saint-Augustin,100,CA,1609622830,89,51.23,-58.65,10.2,2.08
224,Muskogee,90,US,1609622830,69,35.58,-95.33,39.2,4.7
225,Ucluelet,90,CA,1609622830,93,48.93,-125.55,50.0,3.36
226,Kroya,100,ID,1609622830,85,-7.63,109.25,77.52,3.98
227,Klaksvík,19,FO,1609622830,77,62.23,-6.59,32.0,1.12
228,Katsuura,75,JP,1609622831,48,35.13,140.3,39.2,5.82
229,Cherskiy,100,RU,1609622813,84,68.75,161.3,-26.95,5.37
230,Honningsvåg,53,NO,1609622831,93,70.98,25.97,29.05,10.58
231,Omsukchan,100,RU,1609622831,82,62.53,155.8,-24.2,8.88
232,Celestún,100,MX,1609622832,76,20.87,-90.4,79.14,10.78
233,Dunedin,100,NZ,1609622832,86,-45.87,170.5,59.13,5.77
234,Agüimes,20,ES,1609622832,55,27.91,-15.45,64.4,11.41
235,Okhotsk,73,RU,1609622832,77,59.38,143.3,-18.83,19.51
236,Airai,77,TL,1609622833,100,-8.93,125.41,61.66,1.14
237,Chumikan,100,RU,1609622833,77,54.72,135.31,-19.88,20.92
238,Cocobeach,20,GA,1609622833,83,1.0,9.58,82.4,5.82
239,Sorong,100,ID,1609622605,84,-0.88,131.25,80.44,14.18
240,Nadvoitsy,100,RU,1609622833,99,63.87,34.32,31.89,5.68
241,Chui,0,UY,1609622834,57,-33.7,-53.46,70.21,10.8
242,Quatre Cocos,40,MU,1609622834,69,-20.21,57.76,77.0,17.22
243,Butaritari,0,KI,1609622801,81,3.07,172.79,81.41,18.07
244,Oleksandrivka,0,UA,1609622834,100,46.84,32.76,37.4,6.71
245,Los Llanos de Aridane,20,ES,1609622834,72,28.66,-17.92,62.6,6.93
246,Oranjemund,97,NA,1609622835,53,-28.55,16.43,82.63,15.41
247,Souillac,40,MU,1609622794,69,-20.52,57.52,77.0,17.22
248,Amazar,90,RU,1609622835,81,53.86,120.88,-17.48,2.8
249,Tautira,20,PF,1609622836,58,-17.73,-149.15,86.0,9.17
250,Alta Gracia,7,AR,1609622836,41,-31.65,-64.43,91.99,11.99
251,Itoman,75,JP,1609622836,67,26.12,127.67,60.8,10.29
252,Charlestown,84,AU,1609622836,94,-32.95,151.67,73.99,7.72
253,Quito,40,EC,1609622616,72,-0.23,-78.52,64.4,13.87
254,Santa Maria,20,BR,1609622837,22,-29.68,-53.81,89.6,9.17
255,Baykit,100,RU,1609622837,84,61.67,96.37,-12.42,6.04
256,Kruisfontein,0,ZA,1609622799,81,-34.0,24.73,66.99,1.99
257,Salinas,90,US,1609622838,62,36.68,-121.66,55.4,4.7
258,Novikovo,0,RU,1609622838,97,51.15,37.89,27.36,5.08
259,Saint-Philippe,0,RE,1609622838,69,-21.36,55.77,77.0,20.8
260,Codrington,100,AU,1609622838,93,-38.27,141.97,61.84,12.97
261,Verkhoyansk,90,RU,1609622760,80,67.54,133.38,-37.64,1.01
262,Kibala,0,TD,1609622839,57,9.11,18.35,75.2,3.62
263,Tutóia,40,BR,1609622839,74,-2.76,-42.27,84.2,16.11
264,Cowra,90,AU,1609622839,95,-33.83,148.68,66.0,4.99
265,Santander,75,ES,1609622693,100,43.46,-3.8,39.99,10.29
266,Kropotkin,1,RU,1609622840,81,45.44,40.58,40.75,4.74
267,Nagutskoye,40,RU,1609622840,82,44.44,42.88,32.0,6.71
268,Bafra,0,TR,1609622840,93,41.57,35.91,37.4,2.24
269,Ouésso,88,CG,1609622840,62,1.61,16.05,77.56,3.13
270,Dodge City,1,US,1609622840,39,37.75,-100.02,50.0,8.05
271,Ribeira Grande,75,PT,1609622841,93,38.52,-28.7,60.8,27.51
272,Nishihara,75,JP,1609622841,67,26.18,127.76,60.8,10.29
273,Nakamura,100,JP,1609622842,85,32.98,132.93,35.24,5.35
274,North Bend,90,US,1609622826,76,43.41,-124.22,55.4,19.46
275,Talnakh,90,RU,1609622842,75,69.49,88.4,-13.0,17.9
276,San Patricio,1,US,1609622825,42,28.02,-97.52,64.0,6.93
277,Hurghada,0,EG,1609622843,72,27.26,33.81,64.4,6.93
278,Natal,20,BR,1609622843,74,-5.79,-35.21,82.4,11.41
279,Itaituba,20,BR,1609622844,74,-4.28,-55.98,86.0,2.24
280,Ulaangom,74,MN,1609622844,85,49.98,92.07,-21.55,1.68
281,Strenči,93,LV,1609622844,95,57.63,25.69,30.0,4.0
282,Jacksonville,90,US,1609622618,69,30.33,-81.66,78.01,10.29
283,Nur,99,PL,1609622844,87,52.67,22.32,35.01,1.99
284,Berbérati,82,CF,1609622845,35,4.26,15.79,72.5,0.27
285,Gamba,100,GA,1609622845,88,-2.65,10.0,77.63,5.17
286,Tulsa,90,US,1609622845,75,36.1,-95.9,43.0,5.3
287,Kahului,40,US,1609622617,65,20.89,-156.47,78.8,16.11
288,Hong Kong,34,HK,1609622845,63,22.29,114.16,57.99,15.19
289,Port Hedland,70,AU,1609622772,83,-20.32,118.57,84.2,10.29
290,College,75,US,1609622846,83,64.86,-147.8,-7.01,3.13
291,Namatanai,99,PG,1609622846,74,-3.67,152.43,80.71,3.18
292,Rockhampton,60,AU,1609622846,78,-23.38,150.5,77.0,8.05
293,Oron,1,NG,1609622847,82,4.83,8.23,80.51,6.29
294,Cidreira,3,BR,1609622831,71,-30.18,-50.21,72.75,14.45
295,Avera,90,US,1609622847,71,33.19,-82.53,62.6,2.75
296,Port Macquarie,90,AU,1609622848,100,-31.43,152.92,69.8,4.7
297,Constitución,14,CL,1609622818,61,-35.33,-72.42,65.03,11.23
298,Evans,90,US,1609622848,87,33.53,-82.13,60.8,4.7
299,Narsaq,100,GL,1609622792,86,60.92,-46.05,28.4,5.82
300,Dawei,0,MM,1609622849,56,14.08,98.2,67.23,4.7
301,Sühbaatar,47,MN,1609622849,82,50.23,106.21,-16.8,3.44
302,Blairmore,56,CA,1609622849,52,49.6,-114.44,41.0,11.41
303,Bakel,0,SN,1609622849,19,14.9,-12.46,81.48,7.47
304,Lalín,75,ES,1609622850,93,42.72,-8.12,37.4,1.12
305,Altay,55,CN,1609622850,74,47.87,88.12,-8.99,3.71
306,Luanda,75,AO,1609622850,83,-8.84,13.23,78.8,3.36
307,Baracoa,47,CU,1609622850,71,20.35,-74.5,78.48,13.24
308,Abhā,0,SA,1609622850,50,18.22,42.51,55.4,1.34
309,San Antonio,1,US,1609622561,26,29.42,-98.49,62.6,11.41
310,Carutapera,99,BR,1609622851,77,-1.2,-46.02,80.76,7.94
311,Pincher Creek,100,CA,1609622851,52,49.48,-113.95,43.0,31.09
312,Samarkand,0,UZ,1609622851,58,39.65,66.96,26.6,9.17
313,Kutum,75,SD,1609622852,28,14.2,24.67,60.13,5.88
314,Pangnirtung,20,CA,1609622852,76,66.15,-65.71,-9.4,3.36
315,Brae,56,GB,1609622852,80,60.4,-1.35,39.2,17.22
316,Mahébourg,40,MU,1609622785,69,-20.41,57.7,77.0,17.22
317,Mossamedes,98,AO,1609622853,75,-15.2,12.15,72.03,6.31
318,Nuuk,90,GL,1609622853,92,64.18,-51.72,24.8,3.36
319,Roald,0,NO,1609622853,75,62.58,6.13,32.0,8.05
320,Saint Paul Harbor,90,US,1609622639,98,57.79,-152.41,32.0,21.92
321,Somerville,75,US,1609622692,70,42.39,-71.1,44.01,13.87
322,Winnemucca,90,US,1609622854,45,40.97,-117.74,46.4,8.05
323,Manadhoo,80,MV,1609622854,76,5.77,73.38,81.34,9.53
324,Laas,90,IT,1609622855,100,46.62,10.7,34.0,3.36
325,Salalah,0,OM,1609622855,73,17.02,54.09,71.6,4.7
326,Maniitsoq,100,GL,1609622855,88,65.42,-52.9,24.22,2.98
327,Touros,20,BR,1609622855,74,-5.2,-35.46,80.6,12.75
328,Lethem,34,GY,1609622856,51,3.38,-59.8,89.92,8.72
329,San Francisco,90,US,1609622790,87,37.77,-122.42,52.0,3.36
330,Port Lincoln,100,AU,1609622856,84,-34.73,135.87,62.85,13.58
331,Cabo San Lucas,20,MX,1609622603,46,22.89,-109.91,73.99,5.82
332,Thomaston,90,US,1609622856,82,32.89,-84.33,61.0,3.36
333,Taoudenni,0,ML,1609622857,26,22.68,-3.98,64.45,6.49
334,Hasaki,20,JP,1609622857,85,35.73,140.83,24.8,2.24
335,Kiryat Gat,0,IL,1609622857,82,31.61,34.76,57.99,2.24
336,Ambunti,100,PG,1609622857,98,-4.24,142.84,73.96,0.27
337,Soyo,76,AO,1609622857,89,-6.13,12.37,78.69,8.57
338,Katangli,0,RU,1609622858,85,51.71,143.23,-12.59,9.44
339,Wonthaggi,100,AU,1609622858,94,-38.6,145.59,64.0,10.16
340,Cam Ranh,75,VN,1609622858,78,11.92,109.16,75.2,17.22
341,Cradock,2,ZA,1609622858,51,-32.16,25.62,70.29,2.17
342,Richards Bay,99,ZA,1609622845,78,-28.78,32.04,68.9,2.55
343,Warri,3,NG,1609622859,86,5.52,5.75,78.78,5.66
344,Ancud,40,CL,1609622859,64,-41.87,-73.82,69.8,5.82
345,Barão de Cocais,75,BR,1609622774,65,-19.95,-43.49,84.2,4.7
346,Manokwari,100,ID,1609622804,77,-0.87,134.08,79.59,9.51
347,Artyom,90,AZ,1609622860,87,40.47,50.33,42.8,6.93
348,Meulaboh,100,ID,1609622860,85,4.14,96.13,76.12,3.8
349,Antofagasta,75,CL,1609622637,77,-23.65,-70.4,69.8,12.75
350,Edd,2,ER,1609622860,56,13.93,41.69,76.32,19.75
351,Zambezi,100,ZM,1609622861,92,-13.54,23.1,67.5,5.5
352,Basco,90,PH,1609622861,82,20.45,121.97,73.06,29.91
353,Medzilaborce,100,SK,1609622861,82,49.27,21.9,37.99,5.99
354,Ilulissat,76,GL,1609622861,61,69.22,-51.1,17.6,6.93
355,Pisco,0,PE,1609622862,73,-13.7,-76.22,75.2,18.34
356,Bāglung,0,NP,1609622862,40,28.27,83.59,52.34,5.03
357,Warrington,20,GB,1609622862,80,53.39,-2.58,36.0,10.29
358,Gunnedah,90,AU,1609622862,88,-30.98,150.25,68.0,5.86
359,Belaya Kholunitsa,100,RU,1609622868,95,58.84,50.85,10.51,9.37
360,Tuatapere,100,NZ,1609622868,97,-46.13,167.68,53.01,5.99
361,Berlevåg,99,NO,1609622868,95,70.86,29.09,26.64,9.08
362,São João da Barra,90,BR,1609622725,78,-21.64,-41.05,77.0,12.75
363,Canora,75,CA,1609622869,74,51.63,-102.43,37.4,16.11
364,Praia,20,CV,1609622857,78,14.92,-23.51,73.4,12.75
365,Negombo,40,LK,1609622869,83,7.21,79.84,78.8,1.12
366,Flinders,100,AU,1609622869,97,-34.58,150.86,66.99,8.99
367,Grindavik,90,IS,1609622820,100,63.84,-22.43,44.6,20.8
368,San Jose,90,US,1609622798,58,37.34,-121.89,59.0,8.05
369,Bull Savanna,0,JM,1609622870,62,17.89,-77.59,78.31,15.88
370,Yumen,100,CN,1609622870,81,40.28,97.2,13.71,6.69
371,Sigli,96,ID,1609622870,81,5.38,95.96,77.5,7.61
372,Evensk,100,RU,1609622871,86,61.95,159.23,-3.78,16.51
373,Lewisporte,90,CA,1609622871,73,49.25,-55.05,24.8,3.36
374,Sur,0,OM,1609622871,50,22.57,59.53,68.13,10.67
375,Yei,86,SS,1609622871,54,4.09,30.68,73.58,1.99
376,Kaili,100,ID,1609622872,91,-3.46,120.21,69.6,1.97
377,Qarqīn,0,AF,1609622872,91,37.42,66.04,16.95,1.21
378,Byron Bay,90,AU,1609622872,94,-28.65,153.62,73.0,0.45
379,Port Hardy,75,CA,1609622872,87,50.7,-127.42,48.2,2.24
380,Kalianget,100,ID,1609622873,78,-7.05,113.93,80.02,1.97
381,Tāybād,0,IR,1609622873,75,34.74,60.78,33.26,3.2
382,Churapcha,100,RU,1609622874,78,62.0,132.43,-46.55,1.41
383,Husavik,40,IS,1609622874,65,66.04,-17.34,44.6,12.75
384,Chokurdakh,0,RU,1609622791,84,70.63,147.92,-31.61,5.28
385,Sibu,40,MY,1609622875,100,2.3,111.82,75.2,2.24
386,Teacapan,0,MX,1609622875,41,22.55,-105.75,71.02,9.93
387,Abu Samrah,56,SY,1609622875,62,35.3,37.18,54.55,4.54
388,Kapit,100,MY,1609622875,94,2.02,112.93,74.82,0.65
389,Lagos,20,NG,1609622875,88,6.58,3.75,82.4,6.93
390,San Cristobal,40,VE,1609622819,65,7.77,-72.22,82.4,6.93
391,San Ramon,90,US,1609622678,93,37.78,-121.98,52.0,10.29
392,Lubango,98,AO,1609622724,88,-14.92,13.49,58.08,4.0
393,Mount Isa,100,AU,1609622876,83,-20.73,139.5,78.8,1.16
394,Beipiao,0,CN,1609622876,78,41.79,120.78,0.68,0.98
395,Magugu,100,TZ,1609622877,81,-4.02,35.77,67.87,1.41
396,Renqiu,75,CN,1609622877,74,38.7,116.09,19.4,6.93
397,Villa San Giovanni,20,IT,1609622877,82,38.23,15.64,55.4,2.24
398,Storforshei,0,NO,1609622877,84,66.4,14.52,21.99,1.01
399,Nizwá,0,OM,1609622878,38,22.93,57.53,56.14,0.87
400,Usinsk,0,RU,1609622878,83,65.99,57.53,-9.17,5.82
401,Bela,99,IN,1609622878,52,25.93,81.98,60.46,2.3
402,Ranong,70,TH,1609622878,79,9.97,98.63,73.62,6.31
403,Cambridge,90,CA,1609622878,86,43.36,-80.31,30.99,4.7
404,Codajás,77,BR,1609622879,83,-3.84,-62.06,83.1,3.18
405,Yangi Marg`ilon,90,UZ,1609622824,85,40.43,71.72,23.0,1.1
406,Portland,100,US,1609622651,90,45.52,-122.68,50.0,5.99
407,Paragominas,78,BR,1609622879,82,-2.97,-47.48,80.19,2.95
408,San-Pédro,89,CI,1609622866,86,4.75,-6.64,79.0,7.74
409,Şebinkarahisar,5,TR,1609622880,90,40.29,38.42,33.71,2.42
410,Kupang,20,ID,1609622880,100,-10.17,123.58,75.2,1.12
411,Sivas Province,0,TR,1609622880,94,39.79,37.0,32.0,6.93
412,Almaznyy,75,RU,1609622881,100,48.04,40.05,35.6,2.24
413,Russell,75,US,1609622881,82,32.35,-85.2,62.6,4.61
414,Najrān,0,SA,1609622881,58,17.49,44.13,59.0,1.32
415,Itarema,0,BR,1609622881,72,-2.92,-39.92,81.0,17.0
416,Prainha,32,BR,1609622881,55,-1.8,-53.48,88.72,3.42
417,Bhādra,5,IN,1609622724,72,29.12,75.17,55.24,8.61
418,Mehamn,86,NO,1609622870,95,71.04,27.85,24.76,7.2
419,Clyde River,20,CA,1609622882,75,70.47,-68.59,-20.2,6.93
420,Kenai,1,US,1609622882,76,60.55,-151.26,9.0,3.36
421,Derzhavīnsk,79,KZ,1609622883,88,51.1,66.32,-10.7,12.08
422,Mahanje,100,TZ,1609622883,98,-9.93,35.33,64.24,0.65
423,Vitim,100,RU,1609622883,84,59.45,112.56,-17.79,12.3
424,Romny,37,UA,1609622883,93,50.75,33.47,32.85,7.25
425,Bubaque,0,GW,1609622884,69,11.28,-15.83,80.62,11.1
426,Hajnówka,100,PL,1609622884,100,52.74,23.58,36.0,5.08
427,Mombetsu,76,JP,1609622884,89,44.35,143.35,16.2,9.28
428,Skibbereen,20,IE,1609622884,93,51.55,-9.27,35.6,9.17
429,Skellefteå,23,SE,1609622885,92,64.75,20.95,19.4,5.82
430,Hamilton,90,US,1609622885,78,39.18,-84.53,41.0,3.4
431,Provideniya,85,RU,1609622792,87,64.38,-173.3,3.2,21.3
432,Tabuk,62,PH,1609622885,87,17.42,121.44,67.26,3.38
433,Stephenville,1,US,1609622807,30,32.22,-98.2,59.0,12.75
434,Santa Cruz de la Sierra,40,BO,1609622697,58,-17.8,-63.17,89.6,10.29
435,Muros,2,ES,1609622886,95,42.78,-9.06,39.0,1.01
436,Galle,35,LK,1609622887,87,6.04,80.22,76.23,6.35
437,Huarmey,12,PE,1609622887,71,-10.07,-78.15,73.76,10.49
438,Talara,0,PE,1609622887,57,-4.58,-81.27,80.6,19.46
439,Wawa,0,NG,1609622888,24,9.9,4.42,81.84,1.16
440,Oktyabr'skoye,41,RU,1609622888,85,43.06,44.74,24.8,4.47
441,Mahajanga,40,MG,1609622888,78,-15.72,46.32,78.8,6.93
442,Assiniboia,100,CA,1609622888,64,49.63,-105.98,37.4,20.8
443,Clarence Town,75,AU,1609622889,88,-32.58,151.78,72.0,9.17
444,Pelym,100,RU,1609622889,87,61.01,62.0,-18.58,6.53
445,Shenyang,0,CN,1609622889,76,41.79,123.43,-9.4,4.76
446,Saint-François,90,FR,1609622889,90,46.42,3.91,33.01,9.17
447,Half Moon Bay,90,US,1609622848,93,37.46,-122.43,54.0,9.17
448,Chicama,40,PE,1609622843,83,-7.84,-79.15,69.8,5.82
449,Arys,90,KZ,1609622890,100,42.43,68.8,19.4,6.58
450,Quebo,0,GW,1609622890,85,11.33,-14.93,73.94,4.99
451,Hengshui,100,CN,1609622891,78,37.73,115.7,22.37,6.6
452,Road Town,40,VG,1609622891,65,18.42,-64.62,78.8,13.87
453,Kuusamo,90,FI,1609622891,92,65.97,29.18,24.8,5.82
454,San Ignacio,40,BZ,1609622891,66,17.16,-89.07,86.0,6.93
455,Nyagan,0,RU,1609622892,85,62.14,65.39,-25.33,5.17
456,Il’inskiy,75,RU,1609622892,86,55.62,38.12,33.8,6.71
457,Pechora,0,RU,1609622892,89,65.15,57.22,-7.78,7.56
458,San Miguel de Tucumán,40,AR,1609622892,44,-26.82,-65.22,93.2,11.41
459,Pacific Grove,90,US,1609622703,93,36.62,-121.92,55.0,4.92
460,Lorengau,99,PG,1609622893,76,-2.02,147.27,83.1,7.65
461,Szczecinek,83,PL,1609622893,95,53.71,16.7,30.0,3.83
462,Urucará,33,BR,1609622893,59,-2.54,-57.76,88.57,2.37
463,Kargasok,0,RU,1609622893,84,59.06,80.86,-28.28,4.32
464,Podyuga,100,RU,1609622893,97,61.09,40.86,20.64,6.33
465,Tocopilla,10,CL,1609622894,54,-22.09,-70.2,72.82,4.88
466,Riyadh,0,SA,1609622894,76,24.69,46.72,57.2,7.34
467,Ukrayinka,75,UA,1609622894,93,47.92,35.35,37.4,2.24
468,Topolobampo,5,MX,1609622895,26,25.6,-109.05,75.0,14.99
469,Popondetta,33,PG,1609622895,80,-8.75,148.25,76.53,2.28
470,Nūrpur,94,IN,1609622895,34,29.15,78.42,59.81,3.02
471,Tezu,84,IN,1609622895,31,27.92,96.17,58.06,3.74
472,Tabou,24,CI,1609622895,85,4.42,-7.35,78.98,7.34
473,Cajamarca,75,PE,1609622896,87,-7.16,-78.5,57.2,2.24
474,Saint-Pierre,0,RE,1609622896,69,-21.34,55.48,77.0,20.8
475,Guaraniaçu,40,BR,1609622896,66,-25.1,-52.88,78.37,1.1
476,Darhan,82,MN,1609622896,86,49.49,105.92,-13.36,3.62
477,Obuasi,0,GH,1609622733,85,6.21,-1.66,76.05,4.34
478,Kumul,23,CN,1609622897,84,42.8,93.45,13.14,1.43
479,Puerto del Rosario,90,ES,1609622897,55,28.5,-13.86,64.4,17.22
480,Cape Coast,0,GH,1609622897,84,5.11,-1.25,80.38,11.77
481,Yasothon,9,TH,1609622897,70,15.75,104.13,63.0,8.99
482,Haines Junction,95,CA,1609622898,87,60.75,-137.51,-0.56,0.89
483,Nara,40,JP,1609622898,60,34.69,135.8,39.2,11.41
484,Goulburn,100,AU,1609622898,95,-34.75,149.72,63.0,8.75
485,Itacaré,40,BR,1609622899,74,-14.28,-39.0,82.4,10.29
486,Kętrzyn,57,PL,1609622899,98,54.08,21.38,30.22,4.72
487,Chaumont,92,FR,1609622714,92,48.12,5.13,30.99,3.0
488,Östersund,12,SE,1609622899,100,63.18,14.64,23.0,5.82
489,Kavaratti,0,IN,1609622899,66,10.57,72.64,81.14,7.87
490,Worland,20,US,1609622900,50,44.02,-107.96,36.0,5.32
491,Tyup,43,KG,1609622900,77,42.73,78.36,17.19,2.84
492,Sawtell,40,AU,1609622900,88,-30.38,153.1,73.4,4.7
493,Dubti,25,ET,1609622900,77,11.74,41.09,69.12,8.41
494,Katete,100,UG,1609622901,93,-0.78,29.75,62.35,2.98
495,Grand Forks,75,US,1609622901,86,47.94,-97.43,30.2,12.75
496,Durban,0,ZA,1609622901,88,-29.86,31.03,68.0,5.82
497,Katymár,100,HU,1609622901,67,46.03,19.21,43.92,17.34
498,Suntar,100,RU,1609622901,86,62.14,117.63,-16.62,10.02
499,Naze,75,JP,1609622847,67,28.37,129.48,59.0,8.05
500,Port Blair,99,IN,1609622703,78,11.67,92.75,78.64,10.74
501,Waycross,90,US,1609622902,83,31.21,-82.35,70.0,3.36
502,Carballo,40,ES,1609622902,100,43.21,-8.69,39.2,2.66
503,Kralendijk,40,BQ,1609622902,65,12.15,-68.27,82.4,18.34
504,Kloulklubed,90,PW,1609622903,100,7.04,134.26,71.6,4.7
505,Khairpur Nathan Shah,0,PK,1609622903,43,27.09,67.73,46.15,3.89
506,Campbellsville,90,US,1609622732,81,37.34,-85.34,48.0,3.36
507,Sinjār,55,IQ,1609622903,52,36.32,41.88,48.83,2.3
508,Piripiri,92,BR,1609622701,46,-4.27,-41.78,86.88,2.71
509,Jingdezhen,16,CN,1609622904,87,29.29,117.21,32.88,2.93
510,Springbok,84,ZA,1609622904,73,-29.66,17.89,68.79,22.62
511,Tefé,40,BR,1609622904,74,-3.35,-64.71,86.0,5.82
512,Nelson Bay,75,AU,1609622905,88,-32.72,152.15,72.0,9.17
513,Eureka,100,US,1609622758,81,40.8,-124.16,55.99,5.01
514,Praia da Vitória,75,PT,1609622905,87,38.73,-27.07,60.01,33.69
515,Pāsighāt,54,IN,1609622905,37,28.07,95.33,56.07,3.38
516,Adelaide,75,AU,1609622678,55,-34.93,138.6,66.2,8.05
517,High Level,90,CA,1609622906,84,58.52,-117.14,-0.4,2.24
518,Ayagoz,11,KZ,1609622906,86,47.97,80.44,-21.17,10.31
519,Sochaczew,100,PL,1609622906,10,52.23,20.24,36.0,4.38
520,Oyëk,75,RU,1609622907,83,52.59,104.46,-9.4,3.89
521,Verkhnyaya Inta,0,RU,1609622907,86,65.98,60.31,-8.54,1.5
522,Leiyang,0,CN,1609622907,69,26.4,112.86,41.02,1.16
523,Maralal,80,KE,1609622902,91,1.1,36.7,56.73,5.12
524,Zheleznodorozhnyy,75,RU,1609622714,86,55.75,38.0,33.8,6.71
525,Hobyo,22,SO,1609622909,73,5.35,48.53,76.8,19.55
526,Babayurt,100,RU,1609622909,90,43.6,46.78,39.18,1.25
527,Yablonovo,90,RU,1609622909,86,50.85,37.36,33.8,6.71
528,Tomatlán,50,MX,1609622909,30,19.93,-105.25,82.89,6.42
529,Camacha,40,PT,1609622808,67,33.08,-16.33,57.2,6.93
530,Fukuechō,34,JP,1609622910,54,32.69,128.84,47.64,13.35
531,Radcliff,90,US,1609622634,80,37.84,-85.95,42.01,1.34
532,Brattvåg,0,NO,1609622911,82,62.6,6.44,32.0,8.05
533,Sovetskiy,32,RU,1609622911,86,61.36,63.58,-25.26,7.0
534,Allāpalli,54,IN,1609622911,72,19.42,80.07,62.6,2.08
535,Shelburne,5,CA,1609622832,86,44.08,-80.2,33.01,6.35
536,Egvekinot,99,RU,1609622787,86,66.32,-179.17,-11.58,20.29
537,Chamalières,90,FR,1609622890,96,45.78,3.06,32.0,9.17
538,Abu Kamal,9,SY,1609622912,47,34.45,40.92,52.7,2.13
539,Bulgan,96,MN,1609622912,87,48.81,103.53,-10.84,2.44
540,Pontes e Lacerda,14,BR,1609622912,53,-15.23,-59.34,90.91,0.85
541,Broome,90,US,1609622822,86,42.25,-75.83,34.0,8.05
542,Wajima,100,JP,1609622913,87,37.4,136.9,35.13,16.89
543,Hwange,96,ZW,1609622913,92,-18.37,26.5,69.89,2.91
544,El Tambo,99,CO,1609622913,100,1.42,-77.4,56.7,4.54
545,Tungor,14,RU,1609622914,84,53.38,142.96,-19.05,13.11
546,Conde,20,BR,1609622814,78,-7.26,-34.91,80.6,11.41
547,Yerbogachën,100,RU,1609622860,85,61.28,108.01,-17.7,10.38
548,Bridlington,92,GB,1609622914,93,54.08,-0.19,39.0,6.93
549,Bandrele,0,YT,1609622914,78,-12.91,45.19,82.4,9.17
550,Palu,100,ID,1609622915,76,-0.89,119.87,74.71,1.95
551,Isla Vista,1,US,1609622915,63,34.41,-119.86,61.0,8.05
552,Fredericksburg,1,US,1609622915,76,38.3,-77.46,55.99,4.9
553,Solnechnyy,0,RU,1609622916,82,50.72,136.63,-18.36,1.57
554,Ambilobe,100,MG,1609622916,85,-13.2,49.05,75.6,3.2
555,Oskemen,40,KZ,1609622916,66,49.96,82.61,-32.8,0.11
556,San Policarpo,97,PH,1609622916,84,12.18,125.51,80.87,14.07
557,Seydi,0,TM,1609622916,81,39.48,62.91,28.26,8.46
558,Marshall,1,US,1609622917,58,34.38,-86.33,61.0,5.82
559,Mangai,66,CD,1609622702,96,-4.05,19.53,70.84,2.24
560,Sergeevka,0,KZ,1609622917,86,53.88,67.42,-19.64,7.67
561,Hinton,100,CA,1609622917,69,53.4,-117.59,37.4,3.36
562,Wajir,88,KE,1609622917,46,1.75,40.06,83.73,6.06
563,Khorixas,84,NA,1609622918,63,-20.37,14.97,65.77,10.76
